numero_onda,transmitancia
3999.4334993362395,99.47439057912321
3997.570866940944,99.4776167950702
3995.7082345456483,99.50618070279958
3993.845602150353,99.49772233241819
3991.9829697550567,99.47023741481631
3990.120337359761,99.47945540532179
3988.2577049644647,99.48739528291419
3986.395072569169,99.5063388794223
3984.5324401738735,99.5248830302871
3982.6698077785773,99.5298345957929
3980.807175383282,99.54141556435542
3978.9445429879856,99.5487172830264
3977.0819105926894,99.53272354704391
3975.2192781973945,99.5386753373889
3973.3566458020982,99.53073835487591
3971.494013406803,99.5171966742399
3969.631381011507,99.51640726516291
3967.768748616211,99.5430246752589
3965.906116220916,99.54137476783258
3964.04348382562,99.5223050429848
3962.1808514303243,99.5193945028409
3960.318219035028,99.5350017797324
3958.4555866397322,99.57105402455281
3956.5929542444374,99.6095289539489
3954.730321849141,99.6020361181696
3952.8676894538453,99.56791623151359
3951.005057058549,99.51841126360858
3949.142424663253,99.5237996120994
3947.279792267957,99.5480752850706
3945.4171598726616,99.5791212676253
3943.554527477366,99.6219858590625
3941.6918950820705,99.5960420038105
3939.829262686774,99.5684307625841
3937.9666302914784,99.62142140494042
3936.103997896183,99.6432807844805
3934.241365500887,99.62622002726921
3932.378733105591,99.617332085253
3930.5161007102947,99.6626264538113
3928.653468315,99.6243762877245
3926.790835919704,99.6054429376878
3924.9282035244078,99.61009815439051
3923.065571129112,99.6135316497764
3921.2029387338157,99.6220387745303
3919.34030633852,99.60251077366729
3917.477673943225,99.6427053025074
3915.615041547929,99.674568812072
3913.752409152633,99.6805006252108
3911.889776757337,99.72346323004129
3910.027144362041,99.7623211265341
3908.1645119667455,99.7246214121452
3906.3018795714497,99.6741885994399
3904.4392471761544,99.6710035960093
3902.576614780858,99.63958105836979
3900.7139823855614,99.641458393135
3898.8513499902665,99.68608105342571
3896.9887175949707,99.75103196046409
3895.1260851996753,99.6972853473052
3893.263452804379,99.6634604232
3891.4008204090833,99.79142058780779
3889.538188013788,99.75349576302429
3887.6755556184917,99.6949205716493
3885.812923223196,99.7451537824097
3883.9502908278996,99.6813128840456
3882.087658432604,99.6425625775679
3880.225026037309,99.7611098043801
3878.362393642013,99.7587222163532
3876.499761246717,99.72856836165171
3874.637128851421,99.7993812991615
3872.774496456125,99.70107396734801
3870.911864060829,99.76606726750191
3869.0492316655336,99.7189510278393
3867.186599270238,99.68729142839979
3865.323966874942,99.65786030291609
3863.461334479646,99.71904445637729
3861.5987020843504,99.78173512894399
3859.736069689055,99.90802954795521
3857.8734372937593,99.9631124466876
3856.010804898463,99.77211755420191
3854.148172503167,99.620205319707
3852.285540107872,99.62850210271989
3850.4229077125765,99.72544293273451
3848.56027531728,99.75904596468719
3846.6976429219844,99.7479614310722
3844.835010526688,99.7840521848755
3842.9723781313924,99.77912999839701
3841.109745736097,99.74562702492891
3839.2471133408008,99.7030289858159
3837.384480945505,99.7043479066773
3835.5218485502087,99.7042448411252
3833.659216154913,99.6862722914832
3831.7965837596175,99.7585309324423
3829.9339513643213,99.739069876173
3828.071318969026,99.7744530333886
3826.2086865737297,99.88597385938981
3824.3460541784334,99.7948373524144
3822.4834217831385,99.7643111962237
3820.6207893878423,99.78161851986759
3818.758156992547,99.66384255087691
3816.895524597251,99.66509555624641
3815.032892201955,99.6670451865178
3813.17025980666,99.7620101062668
3811.307627411364,99.7970596899186
3809.4449950160683,99.7472826550721
3807.582362620772,99.7960675135682
3805.7197302254763,99.74990662176991
3803.8570978301814,99.64820196021509
3801.994465434885,99.6886032739946
3800.1318330395893,99.6383415999255
3798.269200644293,99.6411606528532
3796.4065682489972,99.66798350904159
3794.543935853701,99.70033470217442
3792.6813034584056,99.70048819379039
3790.8186710631103,99.7126588148616
3788.9560386678136,99.70264509881541
3787.0934062725178,99.6726910613404
3785.2307738772224,99.71161859935671
3783.368141481927,99.6810261779804
3781.505509086631,99.6604273966105
3779.642876691335,99.6888778211367
3777.7802442960387,99.65879433528791
3775.917611900744,99.7025708410289
3774.054979505448,99.6688357670778
3772.192347110152,99.6259127417783
3770.329714714856,99.6776589398288
3768.4670823195597,99.6484349759144
3766.604449924264,99.6838855888867
3764.741817528969,99.69988210681231
3762.879185133673,99.63797261105249
3761.016552738377,99.58208835532959
3759.153920343081,99.6276657286867
3757.291287947785,99.79063328167801
3755.4286555524895,99.8493946091869
3753.5660231571937,99.7756174081073
3751.7033907618984,99.7087086814548
3749.840758366602,99.8220934888885
3747.9781259713054,99.65195487916809
3746.1154935760105,99.55201166296209
3744.2528611807147,99.5505908999392
3742.390228785419,99.7138701535606
3740.527596390123,99.7730780923659
3738.6649639948273,99.7033701780663
3736.802331599532,99.6456462070628
3734.9396992042357,99.4694872993302
3733.07706680894,99.47654878918541
3731.2144344136436,99.5274191258262
3729.351802018348,99.4779219012525
3727.489169623053,99.44975300932009
3725.626537227757,99.43240452175621
3723.763904832461,99.46746963716541
3721.901272437165,99.4383482430303
3720.038640041869,99.4173449436162
3718.1760076465735,99.471305298922
3716.3133752512776,99.49880202902142
3714.450742855982,99.42141969117131
3712.588110460686,99.3175691153757
3710.7254780653907,99.286686331302
3708.8628456700944,99.3128593636496
3707.000213274799,99.34544975413151
3705.1375808795033,99.25328691131911
3703.274948484207,99.1460249827853
3701.412316088911,99.1209485652925
3699.549683693616,99.0800757412191
3697.6870512983196,99.07266118227051
3695.8244189030243,99.0431790285071
3693.9617865077284,99.0648020831034
3692.099154112432,98.95212734063091
3690.2365217171364,98.7445955045167
3688.373889321841,98.6352277724787
3686.511256926545,98.54223281907541
3684.648624531249,98.4630776360153
3682.7859921359527,98.3700227541764
3680.9233597406574,98.39215822149879
3679.060727345361,98.17319467275101
3677.1980949500653,97.9099377554323
3675.3354625547704,97.8307858433098
3673.4728301594737,97.6641269047348
3671.6101977641774,97.40154353837929
3669.7475653688825,97.1964104759254
3667.8849329735863,97.09760623094792
3666.022300578291,97.0134293726108
3664.159668182995,96.8429229522116
3662.297035787699,96.6907696017287
3660.434403392404,96.505532506222
3658.571770997108,96.1858580645252
3656.7091386018124,96.01947914747021
3654.846506206516,95.8714206802815
3652.9838738112203,95.7174094589497
3651.1212414159254,95.38108173188591
3649.258609020629,95.03095033495359
3647.3959766253333,94.8246385704479
3645.533344230037,94.58733229104179
3643.6707118347413,94.3751817359209
3641.808079439446,94.14048540591699
3639.9454470441497,93.9029210069305
3638.082814648854,93.66822734643169
3636.2201822535576,93.4151923947266
3634.3575498582622,93.2409595738344
3632.4949174629664,92.8739023294305
3630.632285067671,92.552845205966
3628.769652672375,92.293701566893
3626.907020277079,92.0785488828051
3625.0443878817828,91.84571025418259
3623.181755486488,91.5164980821365
3621.319123091192,91.21178516463199
3619.456490695896,90.9762025483643
3617.5938583006,90.6490827042243
3615.7312259053037,90.3215239601623
3613.868593510008,90.0417586360647
3612.005961114713,89.70455271007921
3610.1433287194172,89.4154749436093
3608.280696324121,89.19661089561609
3606.418063928825,88.9065214802466
3604.55543153353,88.5497312324345
3602.6927991382336,88.19241318665631
3600.8301667429378,87.87801764705259
3598.9675343476424,87.5369025802573
3597.104901952346,87.2177933841086
3595.242269557051,86.87865066941241
3593.3796371617545,86.55625604617649
3591.5170047664587,86.141230911714
3589.654372371163,85.76518169881349
3587.7917399758667,85.4849350488049
3585.9291075805713,85.1381489127866
3584.066475185275,84.6987776526923
3582.2038427899797,84.3629612100722
3580.341210394684,84.0492306838971
3578.4785779993877,83.66875030784
3576.6159456040923,83.274060830253
3574.7533132087965,82.9145321757084
3572.890680813501,82.4939291494264
3571.028048418205,81.9724369931016
3569.165416022909,81.5543073917527
3567.302783627613,81.30169886234779
3565.440151232317,80.97361473682959
3563.5775188370217,80.5940047992096
3561.714886441726,80.249583980114
3559.8522540464296,79.91915439511409
3557.9896216511347,79.5326054672702
3556.1269892558385,79.1294265157514
3554.2643568605426,78.7439962909081
3552.4017244652473,78.43135838485391
3550.539092069951,78.0474738090769
3548.6764596746552,77.6390724539297
3546.81382727936,77.2416579266288
3544.9511948840636,76.9226206706892
3543.088562488768,76.5929474429747
3541.2259300934725,76.285086272302
3539.363297698176,75.93390656016929
3537.5006653028804,75.55971040636109
3535.638032907585,75.20650639592391
3533.775400512289,74.9431331729517
3531.912768116993,74.59297456195459
3530.0501357216967,74.2853619854163
3528.187503326401,73.9809422604191
3526.324870931105,73.6572977845922
3524.46223853581,73.3555528140672
3522.599606140514,73.1212917195661
3520.7369737452177,72.8471125671467
3518.8743413499224,72.61309127756121
3517.0117089546266,72.3210459762358
3515.149076559331,71.98743398199491
3513.286444164035,71.6621433737844
3511.423811768739,71.4894950765346
3509.561179373444,71.3311742135082
3507.6985469781475,71.0851932981054
3505.835914582852,70.7552970477947
3503.9732821875564,70.5227925644192
3502.11064979226,70.3469267283227
3500.2480173969648,70.1427509044977
3498.3853850016685,69.8623309563692
3496.522752606373,69.6500318950701
3494.6601202110774,69.4252953763233
3492.797487815781,69.2607622859846
3490.9348554204853,69.0900240609897
3489.072223025189,68.9071260139315
3487.2095906298937,68.6915032070557
3485.346958234598,68.4906695628287
3483.4843258393016,68.27051785824061
3481.6216934440063,68.0913755536708
3479.7590610487105,67.9188185945625
3477.896428653415,67.7703891685164
3476.033796258119,67.613658339464
3474.171163862823,67.49030031359321
3472.308531467527,67.2739242531468
3470.4458990722314,66.99411519154161
3468.583266676936,66.7132772269305
3466.72063428164,66.50000128491641
3464.858001886344,66.34513577423739
3462.9953694910478,66.21124637148151
3461.1327370957524,66.00185672141089
3459.270104700457,65.8873228778811
3457.4074723051613,65.7528686380467
3455.544839909865,65.5863401620181
3453.682207514569,65.3618539421995
3451.819575119273,65.1789561057259
3449.9569427239776,64.9622090095722
3448.0943103286822,64.8400015339927
3446.2316779333864,64.7144252544318
3444.3690455380897,64.5878723058184
3442.506413142795,64.45264252386289
3440.6437807474986,64.3057162384135
3438.7811483522028,64.0921409239153
3436.918515956907,63.86555740094521
3435.0558835616107,63.6419267212434
3433.1932511663153,63.4864257008974
3431.330618771019,63.314823165902396
3429.4679863757237,63.1596879950836
3427.605353980428,63.0053932920266
3425.7427215851317,62.931006919632395
3423.8800891898363,62.781441219051196
3422.0174567945405,62.658742856108105
3420.154824399245,62.565312148191296
3418.292192003949,62.5270984232053
3416.429559608653,62.428542325394496
3414.566927213357,62.3095184482761
3412.704294818061,62.1598706555168
3410.8416624227657,62.0267031800661
3408.97903002747,61.94533006573071
3407.116397632174,61.9280700310571
3405.2537652368787,61.8697508442128
3403.3911328415825,61.773553564900396
3401.528500446287,61.5827191013155
3399.6658680509913,61.52525545611171
3397.803235655695,61.5372467666611
3395.9406032603997,61.5453724364283
3394.077970865104,61.484972638428495
3392.2153384698076,61.3941104193718
3390.352706074512,61.348368928915995
3388.4900736792156,61.3876775403831
3386.6274412839202,61.4085251382551
3384.7648088886244,61.4807275502955
3382.902176493329,61.505295558092605
3381.039544098033,61.5485434313725
3379.176911702737,61.6015323996537
3377.3142793074408,61.6951582138083
3375.451646912145,61.7727040747927
3373.589014516849,61.8422394688676
3371.726382121554,61.820375494112604
3369.863749726258,61.8347185871259
3368.0011173309617,61.8559395194374
3366.1384849356664,61.9761327875593
3364.2758525403706,62.0725616125688
3362.4132201450752,62.146333009584296
3360.550587749779,62.248556483033894
3358.687955354483,62.428749495751
3356.825322959188,62.5485318414818
3354.962690563892,62.6680825190629
3353.100058168596,62.734879272003205
3351.2374257733,62.8166482756707
3349.374793378004,62.9451441553545
3347.512160982709,63.1112224715207
3345.6495285874125,63.221540390554296
3343.7868961921167,63.3624212552283
3341.9242637968214,63.439879337787296
3340.061631401525,63.518566715911
3338.1989990062293,63.629826309841995
3336.336366610933,63.785332543751004
3334.4737342156373,63.90210516124889
3332.611101820342,64.0296864690697
3330.7484694250456,64.13489346951671
3328.8858370297503,64.2210416308431
3327.0232046344545,64.2791925079665
3325.160572239159,64.3790896259533
3323.297939843863,64.51249169531839
3321.435307448567,64.64632398616429
3319.5726750532713,64.7328104704564
3317.7100426579755,64.8272224102458
3315.84741026268,64.8923484587722
3313.984777867384,64.9849633116122
3312.122145472088,65.0870438966728
3310.259513076792,65.2106270691236
3308.3968806814964,65.2421101147469
3306.534248286201,65.26326427764499
3304.6716158909053,65.3058534807987
3302.808983495609,65.3941372115067
3300.946351100313,65.4378912664509
3299.083718705017,65.5027252901996
3297.2210863097216,65.561736816283
3295.3584539144263,65.6321948567638
3293.4958215191305,65.67798035682239
3291.633189123834,65.7195195626972
3289.7705567285384,65.75398143853751
3287.9079243332426,65.8172777048202
3286.045291937947,65.8404976330572
3284.182659542651,65.90217987950079
3282.3200271473547,65.98864754905371
3280.4573947520594,66.068066331832
3278.594762356764,66.1247070274253
3276.7321299614678,66.1829975538591
3274.869497566172,66.2177494264343
3273.0068651708757,66.2505466552824
3271.1442327755803,66.3045569973999
3269.2816003802845,66.3977666938341
3267.418967984989,66.4649984017308
3265.556335589693,66.56705088498519
3263.693703194397,66.6261581726025
3261.831070799101,66.6944835810789
3259.968438403805,66.8002766992376
3258.1058060085097,66.9328896749292
3256.243173613214,66.9876375384825
3254.380541217918,67.0939500343507
3252.5179088226228,67.2619718713624
3250.6552764273265,67.41143280840801
3248.792644032031,67.46506457883001
3246.9300116367353,67.5796038548403
3245.067379241439,67.7198825968279
3243.2047468461437,67.8653000779417
3241.342114450848,68.0129743666681
3239.4794820555517,68.1709107232855
3237.616849660256,68.3087330577417
3235.7542172649605,68.4450255767161
3233.8915848696643,68.58129423699161
3232.0289524743685,68.7760085256806
3230.166320079073,68.9575918159555
3228.303687683777,69.1451900701444
3226.441055288481,69.3736549307654
3224.578422893185,69.61043194417499
3222.715790497889,69.7806764582728
3220.853158102593,69.97535629575279
3218.990525707298,70.2104332492071
3217.127893312002,70.4371373904605
3215.2652609167058,70.6214205883413
3213.4026285214104,70.877748842006
3211.5399961261146,71.1307772975528
3209.6773637308193,71.3917389338436
3207.814731335523,71.6208828029251
3205.952098940227,71.8705429622792
3204.089466544932,72.1013434906961
3202.226834149636,72.3606272627828
3200.36420175434,72.6263571350547
3198.501569359044,72.895150036778
3196.638936963748,73.1404559474044
3194.776304568453,73.43172412833809
3192.9136721731566,73.7192583769099
3191.0510397778608,74.0233739297599
3189.1884073825645,74.2866443896038
3187.325774987269,74.5514303323548
3185.4631425919733,74.8236290637645
3183.600510196677,75.1272566798226
3181.7378778013813,75.4005928909416
3179.875245406086,75.6834214459695
3178.0126130107897,75.9858326900992
3176.1499806154943,76.2820395973992
3174.2873482201985,76.58847153868909
3172.424715824903,76.91204639289501
3170.562083429607,77.1752168217608
3168.699451034311,77.47348820754259
3166.8368186390153,77.76573788505459
3164.9741862437195,78.0450890105125
3163.111553848424,78.31323201024779
3161.248921453128,78.60100088528509
3159.386289057832,78.9197503808466
3157.5236566625367,79.2410416415943
3155.6610242672405,79.4814682822998
3153.798391871945,79.7104123912301
3151.9357594766493,79.975593695966
3150.073127081353,80.2831452949898
3148.2104946860572,80.57087934191759
3146.347862290761,80.8289015316033
3144.4852298954656,81.0905421091986
3142.62259750017,81.3767175503938
3140.7599651048745,81.5987661365311
3138.897332709578,81.8232708332083
3137.0347003142824,82.0716066744813
3135.172067918986,82.34871644894551
3133.309435523691,82.6144552147042
3131.4468031283945,82.8382693436164
3129.5841707330987,83.06545430156208
3127.7215383378034,83.3249254656095
3125.858905942508,83.57361219851391
3123.996273547212,83.8242791364121
3122.133641151916,84.03953922005209
3120.2710087566197,84.2646800882105
3118.4083763613244,84.4736215315247
3116.545743966029,84.6793819079838
3114.683111570733,84.90092287436579
3112.820479175437,85.1204349463465
3110.957846780141,85.3008040095285
3109.095214384845,85.50865682321479
3107.232581989549,85.7325813993714
3105.3699495942537,85.94633329632241
3103.507317198958,86.14007182088791
3101.644684803662,86.3281006003675
3099.782052408367,86.5131751089788
3097.9194200130705,86.71486521019541
3096.056787617775,86.8938824601243
3094.1941552224794,87.0894922079961
3092.331522827183,87.2866994591271
3090.4688904318873,87.4905939982522
3088.606258036592,87.66234724224121
3086.7436256412957,87.8189548759304
3084.880993246,87.9866383977968
3083.0183608507036,88.1507895828056
3081.1557284554083,88.28087651410101
3079.2930960601125,88.44624054878281
3077.4304636648167,88.6522047177961
3075.567831269521,88.8130729691568
3073.705198874225,88.94654510232391
3071.842566478929,89.1085814899713
3069.979934083633,89.2479294089072
3068.117301688337,89.41459488136671
3066.254669293042,89.59601790287809
3064.392036897746,89.74135048745991
3062.5294045024507,89.8918216918182
3060.6667721071544,90.0446482585573
3058.8041397118586,90.1651770914432
3056.9415073165633,90.32412598512421
3055.078874921267,90.4729993813771
3053.216242525971,90.57522904977709
3051.353610130676,90.719621316549
3049.49097773538,90.8939474191606
3047.6283453400843,91.01573397184731
3045.765712944788,91.13207364219481
3043.903080549492,91.25806719545629
3042.040448154197,91.3929054996131
3040.1778157589006,91.5380429289949
3038.315183363605,91.65063368300551
3036.4525509683085,91.74114653329849
3034.5899185730127,91.84521826360941
3032.7272861777174,91.96334426930478
3030.864653782421,92.081293846154
3029.0020213871253,92.1822808671924
3027.13938899183,92.2776212028485
3025.2767565965337,92.3795079861538
3023.4141242012383,92.48702908512779
3021.5514918059425,92.57701733783121
3019.688859410647,92.67584191552031
3017.826227015351,92.786585819382
3015.963594620055,92.898122667541
3014.1009622247593,92.95268398206758
3012.2383298294635,93.00565921486749
3010.375697434168,93.0776041292612
3008.513065038872,93.1455420947382
3006.650432643576,93.222168157054
3004.7878002482807,93.2829307869829
3002.9251678529845,93.3285619940431
3001.062535457689,93.3583817942202
2999.1999030623933,93.36602191059441
2997.337270667097,93.36081964813779
2995.4746382718013,93.36117147038809
2993.612005876505,93.33403111842829
2991.7493734812097,93.2382102499748
2989.886741085914,93.1139820209725
2988.0241086906185,92.96589375111459
2986.1614762953222,92.7716108372162
2984.2988439000264,92.5659047256995
2982.43621150473,92.32864295992609
2980.573579109435,92.00241256725991
2978.7109467141386,91.65206532927759
2976.8483143188428,91.28674662655399
2974.9856819235474,90.8694044181666
2973.123049528252,90.4150090516231
2971.260417132956,89.95382720894399
2969.39778473766,89.449266608288
2967.5351523423637,88.91228611597509
2965.6725199470684,88.43130493685172
2963.809887551773,87.9691206959602
2961.9472551564772,87.4492122609298
2960.084622761181,86.95468888278009
2958.221990365885,86.48004797786359
2956.359357970589,86.04401791492269
2954.4967255752936,85.6548409699929
2952.6340931799978,85.29236628229691
2950.771460784702,84.93824559012201
2948.908828389406,84.6155665569774
2947.046195994111,84.3352147687632
2945.1835635988145,84.0920433949358
2943.320931203519,83.84859102825621
2941.4582988082234,83.5905243011497
2939.595666412927,83.25592044073359
2937.7330340176313,82.90880363910729
2935.870401622335,82.5754361117342
2934.0077692270397,82.21970507163059
2932.145136831744,81.8712993945306
2930.2825044364477,81.5324633039379
2928.4198720411523,81.1576294106444
2926.5572396458565,80.7788498001587
2924.6946072505607,80.37986355321121
2922.831974855265,80.00239249009029
2920.969342459969,79.68278957260591
2919.106710064673,79.45061211030959
2917.244077669377,79.25373274815809
2915.381445274081,79.1248349718869
2913.518812878786,79.0457487291221
2911.65618048349,79.0028290296536
2909.7935480881947,78.9610711614158
2907.9309156928985,78.93680974609421
2906.0682832976026,78.94422438578499
2904.2056509023073,78.9654540567923
2902.343018507011,78.9722516816957
2900.4803861117152,78.9914236717641
2898.61775371642,78.97130938727959
2896.755121321124,78.90654965589559
2894.8924889258283,78.8094153739678
2893.029856530532,78.68219183595659
2891.167224135236,78.4841385450665
2889.304591739941,78.2294397618752
2887.4419593446446,77.93259564622521
2885.579326949349,77.64077165599359
2883.7166945540525,77.342954568805
2881.8540621587567,77.105846350883
2879.9914297634614,76.93327633392892
2878.128797368165,76.8261490244389
2876.26616497287,76.85873944647341
2874.403532577574,77.0467466505082
2872.5409001822777,77.335145756853
2870.6782677869824,77.785577406579
2868.8156353916866,78.349825980972
2866.953002996391,79.0207798911176
2865.090370601095,79.786220209186
2863.227738205799,80.59509478428271
2861.3651058105033,81.4193630238515
2859.5024734152075,82.26563421849741
2857.639841019912,83.10763762380179
2855.777208624616,83.9585015488921
2853.91457622932,84.74732817757071
2852.0519438340248,85.4881868882069
2850.1893114387285,86.19176643126758
2848.326679043433,86.86054780522129
2846.4640466481374,87.4769056167016
2844.601414252841,88.0200544647629
2842.7387818575453,88.5150645480213
2840.876149462249,88.972172211374
2839.0135170669537,89.3719605848511
2837.150884671658,89.73700659307909
2835.2882522763625,90.0577766716016
2833.4256198810663,90.36422097938309
2831.5629874857705,90.65500194493771
2829.7003550904747,90.88371988928779
2827.837722695179,91.068405829033
2825.9750902998826,91.3090408384342
2824.112457904587,91.5789912739389
2822.2498255092914,91.80118299897791
2820.387193113996,91.99176703215609
2818.5245607187,92.1998517130451
2816.661928323404,92.4176908261503
2814.7992959281078,92.62568955662451
2812.9366635328124,92.80917189171949
2811.074031137517,93.03070497072291
2809.2113987422213,93.292796485503
2807.348766346925,93.5039726137571
2805.486133951629,93.6785118366142
2803.623501556333,93.8607662560593
2801.7608691610376,94.0424435552543
2799.8982367657422,94.23857158396092
2798.035604370446,94.4121415146554
2796.17297197515,94.5530783317357
2794.310339579855,94.7048756451974
2792.4477071845586,94.85585472629299
2790.5850747892628,95.0007333639209
2788.7224423939674,95.150569144431
2786.859809998671,95.2760085734464
2784.9971776033753,95.38380464067811
2783.134545208079,95.47782646804491
2781.2719128127837,95.5842390113389
2779.409280417488,95.6888132899064
2777.5466480221917,95.78798012405329
2775.6840156268963,95.89706937960341
2773.8213832316005,95.97180194615092
2771.9587508363047,96.03212368570541
2770.096118441009,96.0969670869265
2768.233486045713,96.167946224237
2766.370853650417,96.2188182764649
2764.508221255121,96.25821875500759
2762.6455888598252,96.2817874433466
2760.78295646453,96.31066379682329
2758.920324069234,96.3545667552683
2757.0576916739387,96.3571000385655
2755.1950592786425,96.337158614875
2753.332426883347,96.3619625653633
2751.4697944880513,96.40190763907421
2749.607162092755,96.4458839411907
2747.7445296974593,96.4959183001767
2745.8818973021635,96.5287948808811
2744.019264906868,96.5638590968824
2742.156632511572,96.60482405100849
2740.294000116276,96.67306009107192
2738.43136772098,96.7577274264448
2736.5687353256844,96.8494566752541
2734.706102930389,96.89584814082909
2732.8434705350933,96.91667600789829
2730.980838139797,96.96184406755822
2729.118205744501,97.02158141278929
2727.255573349205,97.0641222240741
2725.3929409539096,97.1090990723766
2723.530308558614,97.1845579434794
2721.667676163318,97.22097721133171
2719.8050437680217,97.2569617464711
2717.9424113727264,97.3109068454323
2716.0797789774306,97.3333591875872
2714.2171465821352,97.36805470309429
2712.354514186839,97.4036267672559
2710.491881791543,97.434886083601
2708.6292493962474,97.4812042438831
2706.766617000952,97.5208709046034
2704.903984605656,97.53660402724381
2703.04135221036,97.55906314685859
2701.178719815064,97.6058065967814
2699.3160874197683,97.64667868828829
2697.4534550244725,97.6748927212621
2695.5908226291767,97.73466056096451
2693.728190233881,97.814171983718
2691.865557838585,97.8641383734913
2690.002925443289,97.9118466435827
2688.140293047993,97.9732149684545
2686.2776606526973,98.0217646856444
2684.415028257402,98.0966697242283
2682.552395862106,98.1819557613217
2680.6897634668107,98.2403102811315
2678.8271310715145,98.29695607722141
2676.9644986762187,98.3491193644153
2675.101866280923,98.3755754580693
2673.239233885627,98.4024081929866
2671.3766014903313,98.4068158691947
2669.5139690950355,98.4237031292293
2667.65133669974,98.4550598764529
2665.788704304444,98.4741529166693
2663.926071909148,98.5065484148313
2662.063439513852,98.5251210228824
2660.2008071185564,98.5385854646199
2658.338174723261,98.5710183768289
2656.4755423279653,98.6151243169664
2654.612909932669,98.6355142057283
2652.750277537373,98.65324524824129
2650.887645142077,98.69486668777729
2649.0250127467816,98.7223610528074
2647.162380351486,98.72293453270441
2645.29974795619,98.72186957637061
2643.4371155608937,98.76118331602991
2641.5744831655984,98.8050260501904
2639.7118507703026,98.8136146374405
2637.8492183750072,98.8336724423315
2635.986585979711,98.87299803247758
2634.123953584415,98.9139702885158
2632.2613211891194,98.93017489556419
2630.398688793824,98.9649782529965
2628.536056398528,99.0038225905486
2626.673424003232,99.0231048436977
2624.810791607936,99.01684302940392
2622.9481592126403,99.046146021737
2621.0855268173445,99.080970169346
2619.2228944220487,99.1035283583515
2617.360262026753,99.11419247011551
2615.497629631457,99.092338331163
2613.634997236161,99.0909409105549
2611.772364840865,99.1329986313815
2609.9097324455693,99.14798510325011
2608.047100050274,99.1349761750186
2606.184467654978,99.1408514892809
2604.3218352596828,99.1588581554888
2602.4592028643865,99.18991573431241
2600.5965704690907,99.22560502438091
2598.733938073795,99.23437248689122
2596.871305678499,99.1980819615114
2595.0086732832033,99.1848957702283
2593.1460408879075,99.23122621885089
2591.283408492612,99.2422659938945
2589.420776097316,99.2437918106332
2587.55814370202,99.25968924417779
2585.6955113067247,99.26043859043341
2583.8328789114285,99.25188043915442
2581.970246516133,99.2895795055482
2580.1076141208373,99.3244384439687
2578.244981725541,99.3143081954224
2576.3823493302452,99.35339353936341
2574.519716934949,99.37407987325459
2572.6570845396536,99.3538205777945
2570.794452144358,99.374665784417
2568.931819749062,99.4088499791592
2567.0691873537658,99.4080088983958
2565.2065549584704,99.39504834082291
2563.3439225631746,99.3812596040378
2561.4812901678793,99.3777930714282
2559.618657772583,99.4260242322078
2557.756025377287,99.4525970712191
2555.8933929819914,99.43775478145001
2554.030760586696,99.39610309992442
2552.1681281914002,99.40597594308909
2550.305495796104,99.4090936133979
2548.442863400808,99.40761560350141
2546.5802310055124,99.42510369568659
2544.717598610217,99.45418194239589
2542.8549662149208,99.48498297910758
2540.992333819625,99.47114907597219
2539.129701424329,99.4796052695213
2537.267069029033,99.4928844169493
2535.404436633737,99.4952903591937
2533.5418042384413,99.4868751465149
2531.679171843146,99.4951731599327
2529.81653944785,99.44917791391751
2527.9539070525548,99.42535322393559
2526.0912746572585,99.441969424408
2524.2286422619627,99.4316514402896
2522.366009866667,99.43556504406521
2520.5033774713706,99.4533722770297
2518.6407450760753,99.44698923784858
2516.7781126807795,99.3952470957732
2514.915480285484,99.4077028238519
2513.052847890188,99.43234209789742
2511.190215494892,99.4394595524755
2509.3275830995967,99.4423665291771
2507.4649507043005,99.40051181324881
2505.602318309005,99.36162556038731
2503.7396859137093,99.37076331011342
2501.877053518413,99.3827276962092
2500.0144211231172,99.41507509546041
2498.151788727821,99.40121689670971
2496.2891563325256,99.3678114980303
2494.4265239372303,99.3893837575725
2492.563891541934,99.37505614277799
2490.7012591466378,99.35572243944799
2488.8386267513424,99.37142959310209
2486.9759943560466,99.3628865051696
2485.1133619607513,99.3435290401881
2483.250729565455,99.352919196582
2481.388097170159,99.36754180461891
2479.5254647748634,99.3460010431283
2477.662832379568,99.3355624084047
2475.800199984272,99.37792493290199
2473.937567588976,99.38918929864971
2472.07493519368,99.3732158634445
2470.2123027983844,99.3717601777043
2468.349670403089,99.36952332117849
2466.4870380077928,99.36878769410309
2464.624405612497,99.3610689685293
2462.761773217201,99.38090353810709
2460.899140821905,99.3870256956654
2459.036508426609,99.3980539845621
2457.1738760313133,99.40526678002479
2455.311243636018,99.3941526513681
2453.448611240722,99.3806665952785
2451.585978845427,99.39325750667
2449.7233464501305,99.3907068829379
2447.8607140548347,99.39507578180799
2445.998081659539,99.3922119345478
2444.1354492642427,99.39601818805299
2442.2728168689473,99.38297203092421
2440.4101844736515,99.38937355377192
2438.547552078356,99.39443439734319
2436.6849196830603,99.3860512214603
2434.822287287764,99.3898757334767
2432.9596548924687,99.3740933867474
2431.0970224971725,99.34766276785672
2429.234390101877,99.3276120677233
2427.3717577065813,99.33126863649721
2425.509125311285,99.3465403161508
2423.6464929159893,99.33709401348709
2421.783860520693,99.3156632115485
2419.9212281253976,99.27611220710051
2418.058595730102,99.2466358938515
2416.195963334806,99.2368587106993
2414.3333309395107,99.2471604583796
2412.4706985442144,99.2653272368661
2410.6080661489186,99.27726115206751
2408.7454337536233,99.2587128469994
2406.882801358327,99.2528281664025
2405.020168963031,99.2147155171517
2403.1575365677354,99.16815886730879
2401.29490417244,99.169216086355
2399.432271777144,99.1724994873172
2397.569639381848,99.1523993617683
2395.707006986552,99.08528918370291
2393.8443745912564,99.03520556304449
2391.981742195961,99.05902330764471
2390.119109800665,99.0778903658682
2388.256477405369,99.05723217849979
2386.393845010073,99.0343245606625
2384.531212614777,99.02232399025401
2382.6685802194816,99.04150529738149
2380.8059478241853,99.0862207184132
2378.94331542889,99.135992982052
2377.080683033594,99.18029115573559
2375.218050638299,99.2131162815008
2373.3554182430025,99.2976468239183
2371.4927858477067,99.2993441052437
2369.630153452411,99.2687143763019
2367.7675210571147,99.31305977649599
2365.9048886618193,99.34753641296021
2364.0422562665235,99.3797832432315
2362.179623871228,99.3718069533536
2360.316991475932,99.2958214467095
2358.454359080636,99.1794915475095
2356.5917266853407,99.0503613499679
2354.7290942900445,98.9399146917794
2352.866461894749,98.8880949440708
2351.0038294994533,98.9219942046167
2349.141197104157,98.99070839121299
2347.2785647088613,99.0550001628602
2345.415932313565,99.0430424264948
2343.553299918269,99.03176810644791
2341.690667522974,99.0488797388418
2339.828035127678,99.07335327005129
2337.9654027323827,99.0559347199621
2336.1027703370864,98.9727674083636
2334.2401379417906,98.90061550278071
2332.377505546495,98.86968087390301
2330.514873151199,98.84967298300671
2328.652240755903,98.8748757647103
2326.7896083606074,98.884838098841
2324.926975965312,98.87889898031081
2323.064343570016,98.8683366789807
2321.20171117472,98.87087726750792
2319.339078779424,98.8694498110541
2317.4764463841284,98.83708980348
2315.613813988833,98.81822111556481
2313.751181593537,98.80556707058442
2311.888549198241,98.8075669702085
2310.0259168029447,98.8120274500742
2308.163284407649,98.83605491521509
2306.3006520123536,98.8222864689271
2304.4380196170573,98.785928116686
2302.575387221762,98.7633112070128
2300.712754826466,98.78156357063509
2298.8501224311703,98.82044865400292
2296.9874900358745,98.83979914217699
2295.1248576405787,98.8361202023229
2293.262225245283,98.8442264826541
2291.3995928499867,98.90592729692129
2289.5369604546913,98.9180603033268
2287.6743280593955,98.90053327521869
2285.8116956641,98.9011342789258
2283.949063268804,98.9360534480183
2282.086430873508,98.9591422314941
2280.2237984782128,98.99302143958599
2278.3611660829165,99.03397477324829
2276.4985336876207,99.0804450388777
2274.6359012923253,99.09446581328659
2272.773268897029,99.06976649204799
2270.9106365017333,99.07304827349131
2269.048004106437,99.0755391625823
2267.185371711141,99.09692112092371
2265.322739315846,99.1413748672233
2263.46010692055,99.0931242969302
2261.5974745252547,99.0993979773513
2259.7348421299585,99.2031110017424
2257.8722097346626,99.2543418128227
2256.009577339367,99.224683745427
2254.146944944071,99.1740107522123
2252.2843125487752,99.1329298668709
2250.4216801534794,99.11572828214149
2248.559047758184,99.1275375880092
2246.696415362888,99.2107969896641
2244.833782967592,99.2274896180865
2242.971150572296,99.20552661088009
2241.1085181770004,99.2149535767981
2239.2458857817046,99.256065739168
2237.383253386409,99.26307631567721
2235.520620991113,99.2704230129868
2233.6579885958167,99.29295440831758
2231.7953562005214,99.3611516585068
2229.9327238052256,99.27463195222892
2228.0700914099302,99.15752633930929
2226.207459014634,99.1686060636714
2224.344826619338,99.2098140289134
2222.4821942240424,99.2032759407573
2220.6195618287466,99.2072773891702
2218.7569294334508,99.2361267597628
2216.894297038155,99.31897414814958
2215.0316646428587,99.2597131870904
2213.1690322475633,99.1923069091239
2211.3063998522675,99.25431060188829
2209.443767456972,99.28135695578779
2207.581135061676,99.2121486000121
2205.71850266638,99.1740669203205
2203.8558702710848,99.2189064331383
2201.9932378757885,99.2792882007733
2200.1306054804927,99.27269621812391
2198.2679730851974,99.24806338132379
2196.405340689901,99.1442180231412
2194.5427082946053,99.2009683782212
2192.6800758993095,99.3743417777695
2190.817443504013,99.444481193988
2188.954811108718,99.4008482553108
2187.092178713422,99.34849677275541
2185.2295463181267,99.30192734123409
2183.3669139228305,99.3812087960266
2181.5042815275347,99.4382276775601
2179.641649132239,99.3943354152955
2177.779016736943,99.2237666941066
2175.9163843416472,99.14490901009229
2174.0537519463514,99.19809708304399
2172.191119551056,99.3221659116078
2170.3284871557603,99.5263283074458
2168.465854760464,99.7128802835754
2166.603222365168,99.8002692779509
2164.7405899698724,99.8336721104219
2162.8779575745766,99.81998250306641
2161.015325179281,99.7362976287813
2159.152692783985,99.324534366496
2157.2900603886887,98.870621470148
2155.4274279933934,98.6540105713768
2153.5647955980976,98.5553735060075
2151.7021632028022,98.5848237921474
2149.839530807506,98.57481064229191
2147.97689841221,98.342945324514
2146.1142660169144,98.1791370804908
2144.2516336216186,98.1851420631283
2142.3890012263228,98.236238458721
2140.526368831027,98.0892449051666
2138.6637364357307,97.9104789121039
2136.8011040404353,97.80999631030458
2134.9384716451395,97.75216533752639
2133.075839249844,97.7089096332192
2131.213206854548,97.67293060405892
2129.350574459252,97.5635126879365
2127.487942063957,97.4886232449807
2125.6253096686605,97.4996008683139
2123.7626772733647,97.56013471120208
2121.900044878069,97.52791178425258
2120.037412482773,97.4841676245491
2118.1747800874773,97.561249312641
2116.3121476921815,97.62371682771641
2114.4495152968852,97.59960223844591
2112.58688290159,97.64285252926321
2110.724250506294,97.6830161053363
2108.8616181109987,97.6996734195807
2106.9989857157025,97.7173317083503
2105.1363533204067,97.78616871485079
2103.273720925111,97.8219982172736
2101.411088529815,97.8468712775179
2099.5484561345193,97.84307015972799
2097.6858237392235,97.86139484131608
2095.823191343928,97.85173045364999
2093.960558948632,97.8029778389177
2092.097926553336,97.86054844944859
2090.23529415804,97.95268796041141
2088.3726617627444,97.985614739409
2086.5100293674486,98.0162946201977
2084.647396972153,98.0855359033136
2082.784764576857,98.17793350908372
2080.9221321815608,98.23703640697799
2079.0594997862654,98.22839921853121
2077.1968673909696,98.23956944797541
2075.3342349956743,98.279382177248
2073.471602600378,98.3824458523777
2071.608970205082,98.444364303664
2069.7463378097864,98.4336502338089
2067.8837054144906,98.4773115327079
2066.021073019195,98.5376896549769
2064.158440623899,98.5424250366712
2062.2958082286027,98.5812024233243
2060.4331758333074,98.6655700590106
2058.570543438012,98.72831384000109
2056.707911042716,98.8439544183048
2054.84527864742,98.9916078635371
2052.982646252124,99.1707574966271
2051.120013856829,99.33191913413359
2049.2573814615325,99.38102062034491
2047.394749066237,99.41476037702309
2045.5321166709412,99.6348352777635
2043.6694842756453,99.8202739274205
2041.8068518803507,99.7910249371895
2039.9442194850546,99.72933012780891
2038.0815870897588,99.8270151651181
2036.2189546944635,99.9569821700949
2034.3563222991681,100.035491759995
2032.4936899038723,100.07807297058599
2030.6310575085768,100.254305238341
2028.7684251132807,100.347082242009
2026.9057927179856,100.296217100928
2025.0431603226898,100.182872693398
2023.1805279273945,100.169436876365
2021.3178955320986,100.125328664832
2019.4552631368035,100.009247851337
2017.592630741508,99.922474108594
2015.729998346212,100.000339662309
2013.8673659509168,100.065737464604
2012.004733555621,100.088562936266
2010.1421011603254,100.120806616553
2008.2794687650296,99.981824386936
2006.4168363697345,99.79909826701599
2004.5542039744387,99.82860358854592
2002.691571579143,99.82524220654021
2000.8289391838473,99.74873045283078
1998.966306788552,99.7113728307139
1997.1036743932566,99.7042638240772
1995.2410419979608,99.70527862136422
1993.3784096026648,99.6715582665505
1991.5157772073694,99.63323664131109
1989.653144812074,99.70665927437531
1987.7905124167785,99.7628450743611
1985.927880021483,99.7805936986648
1984.0652476261873,99.8701450363478
1982.202615230892,100.054757864797
1980.339982835596,100.182555655214
1978.4773504403006,100.139091518562
1976.6147180450048,100.081752436985
1974.7520856497092,99.90446162522791
1972.8894532544134,99.7285187765455
1971.0268208591187,99.6743214136018
1969.1641884638227,99.6098434343141
1967.3015560685271,99.5010875192072
1965.438923673232,99.5323125753095
1963.5762912779362,99.5999564567869
1961.7136588826404,99.41969703583669
1959.8510264873446,99.2557778011376
1957.9883940920486,99.1348588429741
1956.1257616967534,99.02991493460979
1954.263129301458,98.9537272244498
1952.4004969061625,98.9098040925463
1950.537864510867,99.00154565481009
1948.6752321155716,99.008928436191
1946.8125997202758,98.9594037717927
1944.9499673249798,98.9027473742037
1943.0873349296849,98.7776832040403
1941.224702534389,98.69144584988621
1939.3620701390932,98.68360539997869
1937.499437743798,98.6877929180768
1935.6368053485025,98.69037463516192
1933.7741729532067,98.612246474745
1931.9115405579114,98.5777839063084
1930.048908162616,98.6691408082052
1928.18627576732,98.71305010036372
1926.3236433720244,98.61410363432378
1924.4610109767289,98.51555162570921
1922.598378581433,98.5723240974967
1920.7357461861375,98.6416906929342
1918.873113790842,98.5812151536185
1917.0104813955465,98.48635429652978
1915.1478490002507,98.57668681075229
1913.2852166049554,98.6144094924856
1911.42258420966,98.5621975748638
1909.559951814364,98.48674889034099
1907.6973194190687,98.47978847479109
1905.8346870237729,98.5253458714687
1903.9720546284773,98.5164609856991
1902.1094222331822,98.5152963707072
1900.2467898378864,98.51121960308599
1898.3841574425905,98.48088955868
1896.5215250472952,98.5195891124325
1894.658892652,98.5315822758589
1892.796260256704,98.43271226801201
1890.9336278614085,98.4219516250688
1889.070995466113,98.4713449419826
1887.2083630708173,98.48105941224729
1885.3457306755215,98.50795445983829
1883.4830982802264,98.48613438845591
1881.6204658849304,98.483094867382
1879.757833489635,98.5043088237433
1877.8952010943397,98.4760466507455
1876.0325686990438,98.5332591333486
1874.1699363037485,98.57809035635549
1872.3073039084527,98.5069402230368
1870.4446715131567,98.4550008219833
1868.5820391178613,98.4650518489106
1866.719406722566,98.4661028497728
1864.8567743272706,98.4808058508097
1862.9941419319748,98.49459877164391
1861.1315095366795,98.53906198696491
1859.2688771413839,98.53411003574209
1857.4062447460879,98.49587861236799
1855.5436123507925,98.4685663019833
1853.6809799554972,98.50381223190641
1851.8183475602011,98.4831169922455
1849.9557151649053,98.4863840903621
1848.0930827696106,98.46961536297471
1846.2304503743146,98.4070129657436
1844.3678179790188,98.43598487404628
1842.5051855837235,98.4572792704245
1840.642553188428,98.4203134119306
1838.7799207931325,98.39918842018422
1836.9172883978365,98.3970691489601
1835.054656002541,98.43182170716071
1833.1920236072456,98.36810945894251
1831.32939121195,98.3197298847418
1829.4667588166544,98.3132068864241
1827.6041264213586,98.2583443455661
1825.7414940260635,98.2799631110326
1823.8788616307681,98.2768630701071
1822.016229235472,98.250366138586
1820.1535968401763,98.23195771948481
1818.290964444881,98.2411799135634
1816.4283320495854,98.2171088158095
1814.5656996542896,98.14403115683409
1812.7030672589945,98.09189008077351
1810.8404348636984,98.0932435818314
1808.977802468403,98.09373515903981
1807.1151700731075,98.0608735983168
1805.252537677812,98.0220116252439
1803.3899052825166,97.95510076240922
1801.5272728872208,97.90953996789841
1799.6646404919254,97.91190952484351
1797.8020080966296,97.91973723930549
1795.939375701334,97.86408329391529
1794.0767433060385,97.7718869861452
1792.2141109107429,97.79275065010391
1790.3514785154473,97.80660175726601
1788.4888461201513,97.76091372276319
1786.626213724856,97.69246620438749
1784.7635813295606,97.6630043207675
1782.9009489342652,97.60035552698359
1781.0383165389694,97.5946844712075
1779.1756841436736,97.5499373517403
1777.3130517483787,97.51106636938542
1775.450419353083,97.34544419898079
1773.5877869577869,97.29721699214109
1771.7251545624915,97.24277354311322
1769.862522167196,97.1709488862124
1767.9998897719006,97.178432553418
1766.1372573766046,97.1043278433521
1764.2746249813092,96.9413646577561
1762.4119925860134,96.88803846071951
1760.549360190718,96.76681280452351
1758.6867277954223,96.61758530493641
1756.824095400127,96.5570671678813
1754.9614630048313,96.3950293393923
1753.0988306095358,96.20230612208071
1751.2361982142402,96.0374398426416
1749.3735658189444,95.94751285046551
1747.510933423649,95.8563554493104
1745.6483010283537,95.7171202945302
1743.7856686330579,95.57222720196951
1741.9230362377625,95.3679254632215
1740.0604038424667,95.3023596293347
1738.1977714471714,95.08299179141191
1736.3351390518756,94.7714658742785
1734.4725066565802,94.6750722820223
1732.6098742612844,94.4818877672135
1730.7472418659888,94.30391473056758
1728.8846094706932,94.07164092099529
1727.0219770753977,93.78349172063909
1725.1593446801019,93.51301291183529
1723.2967122848065,93.31049246228599
1721.4340798895112,92.9289891642556
1719.5714474942154,92.60114262810909
1717.7088150989198,92.44416641858231
1715.8461827036242,92.361938708785
1713.9835503083286,92.2005003041898
1712.120917913033,91.97623513029421
1710.2582855177375,91.72156024026569
1708.3956531224421,91.3492085598812
1706.5330207271465,91.161504750213
1704.670388331851,90.9325091939982
1702.8077559365552,90.3986665814667
1700.9451235412594,90.33783612020599
1699.082491145964,89.9874096431671
1697.2198587506687,89.7154823237176
1695.3572263553726,89.4947028846302
1693.4945939600773,89.0324574010677
1691.6319615647815,88.434006707297
1689.7693291694861,87.916965015329
1687.9066967741903,87.17888126212169
1686.044064378895,86.46660356672909
1684.1814319835996,86.23432338938672
1682.3187995883038,85.73882927971171
1680.456167193008,85.1509959590798
1678.5935347977127,84.29688378365479
1676.730902402417,83.5597509380426
1674.8682700071215,83.0056299834897
1673.005637611826,82.222892641695
1671.1430052165304,81.5277818419445
1669.2803728212348,81.1137748614641
1667.4177404259394,80.47823800746059
1665.5551080306436,79.62901353214609
1663.6924756353478,79.0505882722085
1661.8298432400525,78.5776109038327
1659.9672108447571,77.9793271403895
1658.1045784494613,77.1313874073725
1656.2419460541657,75.81592378482559
1654.3793136588702,76.0308941755695
1652.5166812635746,76.60857440791891
1650.654048868279,76.0407964158432
1648.7914164729834,75.58553190640879
1646.928784077688,75.89111452328771
1645.0661516823925,75.9975741133055
1643.203519287097,75.86764425669
1641.3408868918011,75.6796878263882
1639.4782544965055,75.21083428199199
1637.61562210121,75.4254755336046
1635.7529897059146,76.7764427392361
1633.8903573106188,77.4748163661703
1632.0277249153232,77.6672785040882
1630.1650925200274,77.95751354413049
1628.302460124732,78.5505708249176
1626.4398277294367,79.0332054352458
1624.577195334141,80.0343857762496
1622.7145629388451,81.0677261630231
1620.8519305435498,81.3888145344379
1618.9892981482544,81.8198464152043
1617.1266657529584,83.195583423969
1615.264033357663,84.16494126901121
1613.4014009623675,84.7319884582162
1611.538768567072,85.228905679701
1609.6761361717765,85.8335596711207
1607.8135037764807,86.45052709328259
1605.9508713811854,86.94219559271228
1604.0882389858896,87.40423037641649
1602.2256065905938,87.85671528773979
1600.3629741952984,88.253250928427
1598.5003418000028,88.588729442383
1596.6377094047073,88.9339484292393
1594.7750770094117,89.271795443414
1592.9124446141159,89.57869985363041
1591.0498122188205,89.8741642720748
1589.1871798235252,90.15912018136879
1587.3245474282294,90.4408851593003
1585.4619150329336,90.7312087160253
1583.5992826376382,90.99537840271022
1581.7366502423424,91.23496543358841
1579.874017847047,91.1989257118866
1578.0113854517515,91.39241969615459
1576.148753056456,92.00368454725891
1574.2861206611606,92.240338609259
1572.4234882658648,92.1880919078429
1570.5608558705692,92.4463812947814
1568.6982234752734,92.6998829381831
1566.835591079978,92.8434129803031
1564.9729586846827,92.97662902575779
1563.1103262893869,92.7234076076012
1561.2476938940913,92.3786069448777
1559.3850614987955,93.064840551485
1557.5224291035001,93.39947207844071
1555.6597967082046,93.5242784906872
1553.797164312909,93.5327539185297
1551.9345319176134,93.5296027625614
1550.0718995223178,93.6770482318193
1548.2092671270225,93.6111822213048
1546.3466347317267,93.5577093501584
1544.4840023364309,93.46654026983249
1542.6213699411355,93.33338968115129
1540.7587375458402,93.69157311897659
1538.8961051505444,94.070362549964
1537.0334727552488,93.92431313676158
1535.1708403599532,93.85209611745701
1533.3082079646576,93.9816205262698
1531.4455755693618,93.9969932173619
1529.5829431740665,93.90725777957451
1527.7203107787711,93.9105248977034
1525.8576783834753,93.89696458665529
1523.9950459881795,93.74022978389651
1522.1324135928842,93.9126622896661
1520.2697811975886,93.92671667126659
1518.407148802293,93.8953391673065
1516.5445164069974,93.9736968997463
1514.6818840117019,93.9075313009096
1512.8192516164065,93.8361473591861
1510.956619221111,93.59896811121521
1509.0939868258151,93.2976710771266
1507.2313544305193,93.61511089123329
1505.368722035224,93.83493958436691
1503.5060896399286,93.6839359333021
1501.6434572446328,93.4183042959593
1499.7808248493373,93.0990656223604
1497.9181924540414,92.87270000940391
1496.055560058746,92.6619291181995
1494.1929276634505,92.18103608417151
1492.330295268155,91.5099559285855
1490.4676628728596,91.0678787353101
1488.6050304775638,90.74406654993851
1486.7423980822684,90.386779667138
1484.8797656869724,89.77203738112641
1483.0171332916768,88.9517865679068
1481.1545008963815,87.8942512071523
1479.2918685010861,86.54699304272671
1477.4292361057903,85.1025491467621
1475.5666037104947,83.8765089355249
1473.7039713151992,83.35938360044159
1471.8413389199036,83.3389683413632
1469.9787065246078,83.07333819602479
1468.1160741293124,82.6367905148375
1466.2534417340166,82.44125923573729
1464.3908093387213,82.4514533262282
1462.5281769434257,81.97007918038209
1460.66554454813,81.0925181922169
1458.8029121528346,80.6869188944022
1456.940279757539,81.3341173520082
1455.0776473622436,81.60020201181891
1453.2150149669476,81.9621714730991
1451.3523825716522,82.3157789376191
1449.489750176357,82.9861030399137
1447.627117781061,83.7300952530375
1445.7644853857653,84.3007531617308
1443.90185299047,84.85599948324621
1442.0392205951746,85.4676252124492
1440.1765881998788,85.7752234314092
1438.3139558045832,86.56874106015431
1436.4513234092874,87.6572994950197
1434.588691013992,88.1423180372913
1432.7260586186967,88.3155147126104
1430.863426223401,88.59571079908359
1429.000793828105,88.8886668118383
1427.1381614328095,88.95672537636179
1425.2755290375144,89.11591520136629
1423.4128966422186,89.1665046092473
1421.550264246923,89.0839249419253
1419.6876318516274,89.4396690155589
1417.824999456332,89.7279692310605
1415.9623670610363,89.829424811947
1414.0997346657407,89.83939772012909
1412.2371022704453,89.90348568289421
1410.3744698751495,89.97286241932329
1408.5118374798542,89.9595949067227
1406.6492050845584,89.99127233271709
1404.7865726892626,90.1387864306866
1402.9239402939672,90.07034749063361
1401.0613078986717,89.99937465585121
1399.1986755033759,90.0271315482695
1397.3360431080805,89.9716976493722
1395.473410712785,90.0667389938361
1393.6107783174893,90.1185835496569
1391.7481459221935,89.98778543432492
1389.8855135268982,89.807660028746
1388.0228811316024,89.83430942082941
1386.160248736307,89.83704104091059
1384.2976163410115,89.710080289224
1382.4349839457159,89.545588334573
1380.5723515504205,89.3818344757962
1378.7097191551247,89.1699328891405
1376.8470867598292,88.8671080656578
1374.9844543645333,88.68411039024441
1373.121821969238,88.4075006017334
1371.2591895739426,87.93632081881479
1369.3965571786466,87.3936116917627
1367.5339247833513,86.7542675253429
1365.6712923880555,85.8893105526995
1363.80865999276,84.958520310244
1361.9460275974645,83.8998406857284
1360.083395202169,82.58450640366681
1358.2207628068734,81.0309182943393
1356.3581304115778,79.3676932735861
1354.4954980162822,77.67728618547909
1352.6328656209864,76.19033733551859
1350.770233225691,75.38997060755071
1348.9076008303955,76.0609490725266
1347.0449684351,78.4572411684932
1345.1823360398046,81.66318374240791
1343.3197036445088,84.27026381332621
1341.4570712492132,86.052036773485
1339.5944388539176,87.10816788702749
1337.731806458622,87.5351649344002
1335.8691740633267,87.5599411902165
1334.0065416680306,87.43678227076158
1332.1439092727353,87.37094075885521
1330.2812768774395,87.48891100954451
1328.418644482144,87.78165895327629
1326.5560120868483,88.15352672590441
1324.693379691553,88.46099689173559
1322.8307472962574,88.6160266706011
1320.9681149009618,88.6154644617329
1319.1054825056665,88.4615280367326
1317.2428501103707,88.09902606892321
1315.380217715075,87.53723888419572
1313.5175853197795,86.8082724635715
1311.654952924484,85.97294393355841
1309.7923205291886,85.1111081941669
1307.9296881338928,84.3313602451247
1306.0670557385972,83.68591865005891
1304.2044233433016,83.2135016292432
1302.341790948006,82.89265923790529
1300.4791585527105,82.7205330367505
1298.616526157415,82.6583580825633
1296.7538937621193,82.6468851399195
1294.8912613668238,82.6495175746517
1293.0286289715284,82.67594928018359
1291.1659965762324,82.70850041632609
1289.303364180937,82.8226433593809
1287.4407317856414,83.0331071405076
1285.578099390346,83.32024421343701
1283.7154669950505,83.6819808141832
1281.8528345997547,84.1323811089103
1279.9902022044591,84.6137214074137
1278.1275698091636,85.0936839930268
1276.264937413868,85.5319685788018
1274.4023050185726,85.88597792163691
1272.5396726232768,86.11237614932942
1270.6770402279813,86.178225494609
1268.8144078326854,86.0228826127402
1266.95177543739,85.6335906272945
1265.0891430420945,85.0126101885882
1263.226510646799,84.217362047015
1261.3638782515034,83.33405987584699
1259.5012458562078,82.4344485053238
1257.6386134609122,81.55756132161441
1255.7759810656164,80.7802240878789
1253.913348670321,80.1796756391504
1252.0507162750255,79.880385679642
1250.1880838797301,79.95113878763792
1248.3254514844346,80.38600163205659
1246.4628190891387,81.0875817314445
1244.6001866938432,81.94748727594141
1242.7375542985476,82.8365269334849
1240.874921903252,83.7090257821989
1239.0122895079564,84.5425379223285
1237.1496571126606,85.3477677815328
1235.2870247173653,86.13203768868391
1233.4243923220695,86.88171057566342
1231.561759926774,87.5260330862315
1229.6991275314783,88.02531303565209
1227.836495136183,88.39970657956209
1225.9738627408874,88.70417643356659
1224.1112303455918,88.94972748919642
1222.2485979502962,89.1796848898949
1220.3859655550007,89.400638208974
1218.523333159705,89.61504221053708
1216.6607007644095,89.79168649414271
1214.7980683691142,89.9419336780615
1212.9354359738186,90.07698570002441
1211.0728035785228,90.18490978889099
1209.2101711832272,90.25437031605671
1207.3475387879316,90.30416496032049
1205.484906392636,90.34835003085828
1203.6222739973405,90.38789906056792
1201.759641602045,90.40228510896601
1199.8970092067493,90.4018847119017
1198.0343768114535,90.3918688575184
1196.1717444161584,90.3831892231998
1194.3091120208624,90.3640051617783
1192.446479625567,90.3344365136985
1190.5838472302714,90.2951754957643
1188.721214834976,90.23901726356442
1186.8585824396805,90.1662925476902
1184.9959500443847,90.0924159309898
1183.1333176490891,90.0155032869607
1181.2706852537935,89.9356598245722
1179.408052858498,89.8387963867613
1177.5454204632026,89.71733215315349
1175.6827880679068,89.55152424241909
1173.8201556726112,89.34044766513901
1171.9575232773154,89.0658154597608
1170.0948908820199,88.7203271570763
1168.2322584867245,88.2680173227565
1166.369626091429,87.65934277804449
1164.5069936961333,86.84813275318008
1162.6443613008378,85.808570254884
1160.7817289055422,84.5332787348037
1158.9190965102464,83.0481781875493
1157.056464114951,81.3566511443396
1155.1938317196555,79.49044279955521
1153.33119932436,77.5008973983147
1151.4685669290645,75.45633630935059
1149.6059345337687,73.4184471648553
1147.7433021384732,71.4776550836873
1145.8806697431776,69.6611533686282
1144.018037347882,68.0224871635974
1142.1554049525864,66.5695277428603
1140.2927725572908,65.3202770900799
1138.4301401619953,64.25325260508221
1136.5675077666995,63.3408647341713
1134.704875371404,62.5250253374979
1132.8422429761085,61.758278333903
1130.979610580813,60.9645596962306
1129.1169781855174,60.110873889935206
1127.2543457902218,59.15390461726629
1125.3917133949262,58.0911444881954
1123.5290809996307,56.9140684587379
1121.666448604335,55.680030080204496
1119.8038162090397,54.401709753211
1117.9411838137441,53.1185198982669
1116.0785514184483,51.8400475579348
1114.2159190231528,50.570328055826394
1112.3532866278572,49.2884312107059
1110.4906542325616,48.0093185554646
1108.628021837266,46.709926358849
1106.7653894419705,45.408502669374
1104.9027570466749,44.110686421999596
1103.0401246513793,42.87362238767879
1101.1774922560837,41.707943089488
1099.314859860788,40.6424665532683
1097.4522274654926,39.6638532191302
1095.589595070197,38.8165639002701
1093.7269626749014,38.0826429284131
1091.8643302796056,37.4808804117076
1090.0016978843103,37.0030693024225
1088.1390654890147,36.67665926615
1086.276433093719,36.4862379305056
1084.4138006984235,36.455961849232395
1082.551168303128,36.5428479828888
1080.6885359078324,36.7661677041797
1078.8259035125368,37.0738425221132
1076.9632711172412,37.440090329829204
1075.1006387219456,37.8433659119769
1073.2380063266498,38.3035627354571
1071.3753739313543,38.8160992360055
1069.512741536059,39.4619277691739
1067.6501091407633,40.2867054607003
1065.7874767454678,41.356376926528505
1063.9248443501722,42.700095870417705
1062.0622119548766,44.3656492008068
1060.199579559581,46.311785960681
1058.3369471642854,48.511839065341796
1056.47431476899,50.854245141898296
1054.6116823736943,53.2439059686469
1052.7490499783987,55.5224738900471
1050.8864175831031,57.5498543719481
1049.0237851878076,59.1976133308271
1047.161152792512,60.4289356280268
1045.2985203972164,61.25283385695379
1043.4358880019208,61.7778712693003
1041.5732556066253,62.1095028510025
1039.7106232113297,62.3736889865354
1037.8479908160339,62.6652106015599
1035.9853584207383,63.07375623765671
1034.122726025443,63.633690911186704
1032.2600936301474,64.3798924850885
1030.3974612348518,65.3342898070676
1028.5348288395562,66.49873636572529
1026.6721964442606,67.8120685784524
1024.809564048965,69.2497439519317
1022.9469316536696,70.7557341400736
1021.084299258374,72.2780378606293
1019.2216668630783,73.7326532592041
1017.3590344677827,75.0799052452657
1015.4964020724872,76.3008643949371
1013.6337696771916,77.38529483542979
1011.771137281896,78.30063901431579
1009.9085048866003,79.06511260705629
1008.0458724913047,79.6847277461185
1006.1832400960092,80.16310407687891
1004.3206077007137,80.5200684320003
1002.4579753054179,80.78947514829021
1000.5953429101227,81.0055572352501
998.732710514827,81.2002367933376
996.8700781195314,81.3817688867175
995.0074457242357,81.60013459941081
993.1448133289402,81.8370377699937
991.2821809336447,82.1052834142134
989.4195485383493,82.393659817712
987.5569161430536,82.7099087096378
985.694283747758,83.0347849641834
983.8316513524624,83.35235393171891
981.9690189571668,83.62863236012429
980.1063865618712,83.83527691749721
978.2437541665756,83.95952694260829
976.38112177128,83.9981878522411
974.5184893759844,83.886746059516
972.6558569806888,83.6146509816682
970.7932245853932,83.14016731690779
968.9305921900976,82.4139243090284
967.0679597948023,81.3661254695359
965.2053273995067,79.9547624034621
963.342695004211,78.174699005894
961.4800626089154,76.1026277388731
959.61743021362,73.84041258283399
957.7547978183244,71.56566563847409
955.8921654230287,69.45293515184889
954.0295330277334,67.6496539854525
952.1669006324375,66.2792955139234
950.3042682371421,65.4309789819428
948.4416358418463,65.0771151223068
946.5790034465507,65.1696739872546
944.7163710512552,65.5502688143549
942.8537386559597,66.1389988023176
940.9911062606641,66.83737582799449
939.1284738653684,67.5976820609698
937.2658414700728,68.3931654115017
935.4032090747774,69.2523665954609
933.5405766794818,70.1439964171538
931.6779442841862,71.0188045099241
929.8153118888907,71.8438983174579
927.9526794935949,72.5981349858906
926.0900470982996,73.2553790656102
924.227414703004,73.8327740701234
922.3647823077084,74.34358127936599
920.5021499124127,74.8276616834173
918.6395175171173,75.31628096697919
916.7768851218216,75.83390056465659
914.914252726526,76.36909322479279
913.0516203312303,76.94698871186259
911.1889879359347,77.5490611228043
909.3263555406392,78.1420936699389
907.4637231453436,78.68194017481859
905.6010907500481,79.1379633440912
903.7384583547523,79.4680565048735
901.875825959457,79.6371888086043
900.0131935641614,79.59160564790041
898.1505611688658,79.3486824913081
896.2879287735702,78.9072127347722
894.4252963782747,78.3021947160178
892.5626639829791,77.58842969333641
890.7000315876836,76.9084162078835
888.8373991923878,76.3505268791265
886.9747667970922,76.0401762400827
885.1121344017968,76.04546966418
883.2495020065013,76.2833537079027
881.3868696112056,76.6241648768973
879.52423721591,76.94783055018621
877.6616048206145,77.1370556473644
875.7989724253189,77.148217594377
873.9363400300232,76.99623343908749
872.0737076347278,76.7687272763867
870.211075239432,76.4792941808108
868.3484428441367,76.19949592875301
866.485810448841,75.9252139278695
864.6231780535454,75.5987522386471
862.7605456582498,75.1751397698675
860.8979132629543,74.6863651859927
859.0352808676587,74.0965128443433
857.1726484723631,73.43943397081779
855.3100160770675,72.7246821625489
853.447383681772,72.0133378360649
851.5847512864765,71.3421676295077
849.7221188911807,70.7118671696925
847.8594864958853,70.0814812406719
845.9968541005896,69.5181066144152
844.1342217052942,69.0027027737537
842.2715893099985,68.5505295732561
840.4089569147029,68.13116887823749
838.5463245194072,67.8329049549117
836.6836921241118,67.6823307067097
834.8210597288162,67.6522003071254
832.9584273335207,67.7066553118883
831.0957949382249,67.8932280404619
829.2331625429293,68.1147926240059
827.3705301476339,68.3622470705961
825.5078977523383,68.5539851655923
823.6452653570427,68.66098419852
821.7826329617471,68.6630548166303
819.9200005664516,68.6386542488984
818.057368171156,68.6210578518646
816.1947357758604,68.60466360137829
814.3321033805647,68.54240025271811
812.4694709852694,68.47656934456471
810.6068385899738,68.3251208647311
808.7442061946782,68.1542800799889
806.8815737993825,68.0253325336699
805.0189414040871,67.9443141845711
803.1563090087914,67.8435038871485
801.2936766134958,67.73174832345161
799.4310442182002,67.602749740961
797.5684118229046,67.4752064929632
795.7057794276091,67.3111712144575
793.8431470323135,67.14243221451221
791.9805146370178,66.918214517467
790.1178822417222,66.74754017165209
788.2552498464268,66.5546070934604
786.3926174511313,66.33193316597671
784.5299850558356,66.0709452088233
782.66735266054,65.8375228669982
780.8047202652444,65.5900602376519
778.9420878699489,65.4079257882111
777.0794554746533,65.1398556863909
775.2168230793577,64.8592876668068
773.3541906840622,64.5381211924029
771.4915582887667,64.2218684230515
769.6289258934711,63.8722906754618
767.7662934981754,63.565733065589
765.9036611028798,63.287117117857
764.0410287075842,62.961822630553506
762.1783963122888,62.57962702790171
760.3157639169931,62.256469684173204
758.4531315216975,61.923908612194204
756.5904991264018,61.6161898577857
754.7278667311064,61.282635986585596
752.8652343358107,60.9786130884885
751.0026019405153,60.618262510477
749.1399695452196,60.31620558348829
747.277337149924,59.9439920839693
745.4147047546285,59.6001711524302
743.5520723593329,59.284908532987096
741.6894399640373,59.0450036048962
739.8268075687417,58.6541406272811
737.9641751734462,58.317884051912
736.1015427781506,57.943237092928705
734.2389103828551,57.621484130222996
732.3762779875593,57.293437396815
730.513645592264,56.9699857405709
728.6510131969683,56.57429779009439
726.7883808016728,56.264543514858296
724.9257484063771,55.907782379471705
723.0631160110815,55.6848577732186
721.200483615786,55.421715494721404
719.3378512204904,55.080256425493296
717.4752188251947,54.649922307781296
715.6125864298992,54.343846997190106
713.7499540346038,54.0513838660785
711.8873216393082,53.8638591260223
710.0246892440125,53.5771359866111
708.1620568487169,53.3918821726656
706.2994244534214,52.991375873231895
704.4367920581258,52.57109145748961
702.5741596628302,52.2793172172585
700.7115272675346,52.0026423917876
698.848894872239,51.57909185622189
696.9862624769435,51.4332690244921
695.123630081648,51.191927873614794
693.2609976863522,50.838365237231905
691.3983652910568,50.3850018391913
689.5357328957613,50.1441321743926
687.6731005004657,49.8379974840604
685.81046810517,49.645461306826
683.9478357098743,49.251177827294995
682.0852033145787,48.988528581153
680.2225709192833,48.6551016014723
678.3599385239877,48.4491707097801
676.4973061286921,48.1085786501612
674.6346737333965,48.0084336337014
672.772041338101,47.4565123983473
670.9094089428054,46.862661751064394
669.0467765475098,47.22031260968989
667.1841441522142,47.330462981307704
665.3215117569188,46.7770372202979
663.4588793616232,46.3475274714014
661.5962469663275,45.737832181824295
659.7336145710319,45.582419146410295
657.8709821757362,45.253295865536394
656.0083497804408,44.745449740055506
654.1457173851453,43.8354520515314
652.2830849898496,44.117486990071896
